,Actual,Predicted from Decision_tree,,,Predicted from random_forest,,,Predicted from Xgboost
0,43.72922961,44.77470443,,,45.94597152,,,44.27454954
1,43.72922961,44.77470443,,,45.94597152,,,44.27454954
2,43.72922961,44.77470443,,,45.94597152,,,44.27454954
3,43.72922961,44.77470443,,,45.94597152,,,44.27454954
4,43.72922961,44.77470443,,,45.94597152,,,44.27454954
5,43.72922961,44.77470443,,,45.94597152,,,44.27454954
6,43.72922961,44.77470443,,,45.94597152,,,44.27454954
7,43.72922961,44.77470443,,,45.94597152,,,44.27454954
8,43.72922961,44.77470443,,,45.94597152,,,44.27454954
9,43.72922961,44.77470443,,,45.94597152,,,44.27454954
10,17.68,29.02273206,,,28.85550995,,,18.30457063
11,13.43,13.155,,,15.58506627,,,13.33264964
12,12.76,13.32769231,,,11.90585619,,,13.14230223
13,15.39,10.469,,,12.02604261,,,12.11730851
14,12.11,13.32769231,,,12.09704366,,,12.30351737
15,10.32,13.32769231,,,12.81572895,,,10.70977872
16,12.21,13.32769231,,,17.27693095,,,14.17455455
17,14.09,10.469,,,12.92371127,,,11.24014372
18,11.76,14.54,,,17.39777913,,,12.70592598
19,16.02,38.3775,,,32.51575572,,,22.62989022
20,13.78,21.03875,,,21.4351586,,,10.24094635
21,19.75,21.03875,,,24.50551161,,,18.33668982
22,17.09,21.03875,,,23.3256156,,,17.43332808
23,16.95,35.27542495,,,22.30327446,,,19.12222709
24,14.04,13.00142857,,,16.316049,,,10.95566778
25,11.84,9.73,,,13.05828394,,,9.055585457
26,2.95,7.222222222,,,11.98943402,,,5.096301025
27,7.06,9.73,,,9.76952078,,,5.952505691
28,9.52,10.469,,,11.29961485,,,11.30615484
29,11.3,10.469,,,12.10752137,,,11.8730413
30,11,9.73,,,11.77176371,,,11.68950001
31,10.63,13.155,,,12.86439709,,,15.31739317
32,9.42,13.155,,,15.26902525,,,10.68163209
33,14.09,13.155,,,16.57982314,,,17.81618393
34,10.75,10.469,,,13.43913953,,,11.7751982
35,8.87,13.32769231,,,11.8580771,,,9.377627959
36,13.56,27.59560423,,,16.13019738,,,14.50219213
37,9.81,13.32769231,,,13.32875314,,,16.04519516
38,9.03,10.469,,,12.18288835,,,12.99340356
39,5.41,9.73,,,9.567077928,,,7.390935062
40,6.7,10.469,,,10.46974637,,,8.036614456
41,6.49,8.13375,,,9.809756175,,,7.32650294
42,6.45,9.73,,,10.36116713,,,7.457890675
43,5.36,8.13375,,,11.14378564,,,7.043857288
44,7.75,8.13375,,,11.14440495,,,8.524048681
45,7.41,8.13375,,,11.79794574,,,8.596663412
46,7.82,14.54,,,14.48530974,,,10.72753465
47,11.57,14.54,,,18.79551427,,,12.99518838
48,15.13,35.27542495,,,20.95877159,,,16.70385313
49,14.37,13.155,,,16.69941351,,,13.26513652
50,19.88,9.73,,,21.83740369,,,14.65565713
51,6.57,7.222222222,,,9.440394535,,,6.121963201
52,3.1,7.222222222,,,8.767562772,,,2.085903732
53,4.24,7.222222222,,,8.077943207,,,3.540197743
54,9.68,8.13375,,,10.01462585,,,8.428821006
55,8.66,10.469,,,10.30933288,,,8.175598141
56,10.05,10.469,,,10.73418408,,,9.783098983
57,9.86,10.469,,,10.19007723,,,8.05607591
58,9.07,9.73,,,9.564947081,,,8.659620325
59,6.34,7.222222222,,,8.560809814,,,4.473494081
60,6.9,9.73,,,8.828858135,,,5.568359435
61,7.4,9.73,,,9.829941666,,,8.283687527
62,7.49,9.73,,,9.699056913,,,7.511857282
63,6.51,9.73,,,10.5561838,,,10.8116669
64,10.1,13.32769231,,,10.72532773,,,9.932663067
65,11,9.73,,,10.31946467,,,9.84669083
66,10.09,9.73,,,9.558443331,,,9.063874837
67,11.5,9.73,,,9.842746925,,,7.084139276
68,17.26,14.909,,,13.58875444,,,17.06263518
69,15.53,14.909,,,12.283066,,,15.01414502
70,15.68,13.32769231,,,12.39279835,,,14.39267486
71,12.81,14.909,,,13.31780263,,,13.19070164
72,12.37,10.469,,,12.23253355,,,11.92576639
73,12.19,29.02273206,,,11.53111604,,,13.59531533
74,12.28,14.54,,,12.57084689,,,13.06941817
75,9.81,8.13375,,,10.39016615,,,9.681673093
76,9.93,8.13375,,,10.49493051,,,9.652431566
77,9.75,8.13375,,,11.53633924,,,11.32005061
78,8.01,14.54,,,11.81251444,,,12.75790466
79,8.66,9.73,,,12.73603598,,,9.992652696
80,12.19,13.00142857,,,16.02263321,,,14.81540927
81,9.47,9.73,,,13.96564418,,,10.60769043
82,9.57,9.73,,,13.91724159,,,9.044649611
83,13.29,29.02273206,,,15.39560203,,,13.44226195
84,9.8,9.73,,,12.36405489,,,9.659611147
85,9.97,9.73,,,12.2330762,,,9.871341717
86,12.22,10.469,,,12.80209685,,,12.22188774
87,9.59,9.73,,,12.31371075,,,9.081962659
88,10.6,9.73,,,11.43941029,,,10.56924202
89,10.32,9.73,,,10.49927427,,,9.268139813
90,9.28,9.73,,,9.98383195,,,7.210023738
91,9.18,9.73,,,9.715153747,,,10.24598504
92,7.18,9.73,,,9.704779754,,,8.320152264
93,9.34,9.73,,,9.758867007,,,7.207475833
94,4.02,5.992222222,,,8.846905768,,,5.24443727
95,7.57,7.222222222,,,9.0151625,,,7.157615487
96,4.26,7.222222222,,,8.419111957,,,5.357498096
97,5.91,9.73,,,9.917452901,,,8.147869449
98,7.34,9.73,,,9.131554125,,,6.811765273
99,5.56,7.222222222,,,8.863791674,,,5.484955441
100,12.33,10.469,,,10.18830041,,,11.41923271
101,10.33,9.73,,,10.28158001,,,9.756742163
102,13.44,9.73,,,10.15618216,,,11.65125573
103,7.48,9.73,,,10.08364987,,,8.418260916
104,8.8,9.73,,,10.07006899,,,8.731045
105,12.05,29.02273206,,,11.54328325,,,11.91079259
106,7.39,7.222222222,,,10.47148544,,,9.322611227
107,9.81,9.73,,,13.94881833,,,10.1663987
108,10.4,9.73,,,13.73277464,,,8.505400168
109,14.84,9.73,,,13.86527975,,,7.951703854
110,18.91,11.35142857,,,24.64236276,,,17.80540059
111,11.19,13.155,,,10.78901038,,,11.35799545
112,10.07,7.222222222,,,9.37059728,,,8.603079662
113,12.62,19.65560423,,,11.85859066,,,12.46581589
114,15.85,25.286875,,,15.14584444,,,16.64415858
115,12.06,9.73,,,16.77727995,,,13.16829964
116,10.37,11.35142857,,,14.80163219,,,9.833089129
117,13.09,11.35142857,,,13.95450924,,,13.52793607
118,5.12,5.992222222,,,9.264054694,,,4.885671876
119,3.74,5.992222222,,,9.716601448,,,3.868583291
120,5.26,5.992222222,,,10.9855718,,,5.975641392
121,3.38,3.77,,,10.70766173,,,3.923392833
122,7.19,7.222222222,,,12.84698274,,,7.503835291
123,12.63,13.00142857,,,17.32794394,,,14.89708111
124,12.64,9.73,,,17.73007356,,,17.16793148
125,24.85,29.02273206,,,28.57927909,,,28.36044622
126,37.22,44.77470443,,,40.50172927,,,37.5525226
127,43.83,44.77470443,,,48.2032658,,,47.61791956
128,51.28,44.77470443,,,47.7008559,,,51.28850403
129,54.32,33.61285714,,,40.79602644,,,50.25567396
130,23.2,19.65560423,,,27.96409857,,,22.94307357
131,48.38,44.77470443,,,52.02625646,,,47.64694225
132,31.97,25.286875,,,32.75881605,,,33.82554941
133,51.73,58.73714286,,,49.82961432,,,51.59874607
134,48.9,44.77470443,,,48.53824685,,,48.57867891
135,48.76,50.221,,,48.91259486,,,49.98308198
136,69.12,66.46997973,,,69.19028499,,,68.1348883
137,49.35,66.46997973,,,59.73151935,,,50.04490627
138,58.87,66.46997973,,,62.0065638,,,59.90596012
139,63.48,53.00473684,,,67.64329905,,,63.51012237
140,28.22,13.10406456,,,27.14009414,,,25.96471356
141,17.13,13.10406456,,,22.35157059,,,14.5314808
142,15.68,25.286875,,,29.33772774,,,23.71791265
143,15.3,13.10406456,,,25.76820354,,,17.72047627
144,20.64,13.10406456,,,19.43843498,,,10.85194707
145,35.1,59.57714286,,,59.14089591,,,42.59061389
146,20.43,25.286875,,,37.21096623,,,25.66140595
147,23.44,25.286875,,,29.50370783,,,23.79543867
148,32.75,25.286875,,,24.53699327,,,14.91932734
149,61.97,35.27542495,,,36.72073421,,,30.55752001
150,66.38,66.46997973,,,57.27091461,,,52.49996698
151,46.79,35.27542495,,,43.32039722,,,36.82589207
152,29.77,66.46997973,,,50.17803314,,,44.29002794
153,19.56,35.27542495,,,31.2642169,,,22.57562029
154,12.57,25.286875,,,21.00656509,,,14.86707208
155,19.23,25.286875,,,24.94581507,,,18.95089337
156,22.71,29.02273206,,,22.09600403,,,19.70750276
157,36.89,29.02273206,,,29.70266263,,,34.96295574
158,54.66,58.73714286,,,53.17295846,,,53.44075848
159,13.95,19.00809524,,,20.04188749,,,16.02181994
160,10.2,13.10406456,,,17.05663189,,,13.15698339
161,24.69,25.286875,,,22.70069263,,,23.36109682
162,47.27,58.73714286,,,38.95667808,,,36.66860894
163,69.45,66.46997973,,,69.42908672,,,69.28293689
164,75.78,66.46997973,,,75.70469837,,,74.23846179
165,68.26,66.46997973,,,68.26566802,,,68.39990698
166,65.94,71.24857143,,,69.87398719,,,67.50033221
167,72.64,81.93857143,,,71.92830279,,,70.57825459
168,76.53,81.93857143,,,73.98196732,,,75.77538694
169,81.28,66.46997973,,,76.70582114,,,79.58819986
170,82.36,86.30375,,,76.76522191,,,82.38037368
171,105.63,100.106,,,96.07042673,,,102.4279168
172,98.34,108.5542857,,,94.8353003,,,98.58546548
173,99.51,108.5542857,,,94.91340251,,,99.89318643
174,87.05,86.30375,,,82.17534045,,,86.54673729
175,93.51,88.29363636,,,85.80696426,,,92.74349448
176,85.17,88.29363636,,,75.47852576,,,77.86600912
177,91.55,93.87333333,,,84.23281699,,,88.92319728
178,86.93,93.87333333,,,84.38528522,,,85.17235836
179,71.37,71.24857143,,,75.68891176,,,72.11455513
180,76.39,86.30375,,,80.76326435,,,80.07382072
181,91.43,100.106,,,92.33134002,,,92.25334888
182,92.92,93.87333333,,,86.07887037,,,91.46548574
183,109.52,100.106,,,96.3388696,,,106.5054032
184,70.12,66.46997973,,,72.65785835,,,69.41919947
185,33.75,33.61285714,,,40.81677585,,,33.44832926
186,45.38,44.77470443,,,44.72041143,,,45.97486358
187,62.6,66.46997973,,,69.76360581,,,65.10201022
188,84.41,88.29363636,,,78.74222615,,,83.5362825
189,68.34,71.24857143,,,74.38659284,,,68.87851318
190,97.23,82.33846137,,,85.11900006,,,97.12163413
191,87.19,86.30375,,,83.10238086,,,89.46909465
192,88.75,86.30375,,,85.33406616,,,88.01147727
193,109.4,149.1814286,,,103.4665204,,,112.4867198
194,99.73,93.87333333,,,90.97507339,,,90.80222426
195,64.01,71.77625,,,68.18958303,,,66.48634559
196,45.34,50.221,,,48.42268618,,,45.80371885
197,71.21,65.32285714,,,73.51883329,,,72.81283432
198,96.54,93.87333333,,,91.58040646,,,98.87704885
199,84.79,66.46997973,,,79.94315155,,,83.7982915
200,83.36,86.30375,,,78.73909727,,,79.3912103
201,85.93,86.30375,,,85.62684108,,,89.16967668
202,98.78,100.106,,,97.23169675,,,100.2979237
203,110.85,121.7681818,,,102.6785597,,,107.8948439
204,96.75,82.33846137,,,87.2977471,,,97.75479309
205,106.48,92.572,,,96.03798722,,,107.1258561
206,147.98,149.1814286,,,105.8547452,,,139.2875161
207,159.34,149.1814286,,,115.230348,,,154.2076832
208,90.12,44.32571429,,,72.40336707,,,78.33903843
209,97.7,93.87333333,,,85.90485689,,,92.14384114
210,84.19,86.30375,,,85.90569772,,,84.67075992
211,85.12,86.30375,,,80.40801733,,,85.38888275
212,90.09,86.30375,,,83.59716173,,,88.71254099
213,66.94,65.32285714,,,67.42196787,,,68.51473885
214,116.3,100.106,,,101.8231256,,,112.1389231
215,124.65,108.5542857,,,98.55230509,,,122.2007094
216,101.95,93.87333333,,,88.33287967,,,96.96911806
217,91.09,86.30375,,,76.99063053,,,86.52913077
218,94.37,93.87333333,,,86.0550739,,,96.63069432
219,66.59,65.32285714,,,69.84102837,,,77.70240613
220,106.54,85.385,,,96.57053123,,,104.4883973
221,66,50.221,,,57.09293353,,,66.60454815
222,65.78,71.77625,,,70.18306964,,,67.79255612
223,70.14,86.30375,,,74.96138584,,,72.87377989
224,83.12,86.30375,,,82.05879385,,,83.70060374
225,106.3,85.385,,,100.8254859,,,108.1857438
226,70.78,66.46997973,,,68.13778301,,,71.19594138
227,34.13,29.02273206,,,42.52891135,,,42.12733263
228,24.51,25.286875,,,32.86343493,,,24.48257674
229,33.32,25.286875,,,35.52958279,,,33.27430331
230,51.2,50.221,,,52.977927,,,50.21961924
231,96.4,93.87333333,,,87.21657696,,,94.26705234
232,108.04,87.56,,,96.08243153,,,96.66742758
233,109.26,95.245,,,105.9901525,,,109.6516569
234,107.36,87.56,,,98.38522824,,,105.3885054
235,90.23,87.56,,,93.42290293,,,93.21893802
236,103.22,95.245,,,99.73095795,,,100.6082108
237,91.88,87.56,,,93.49113807,,,95.0389098
238,108.27,95.245,,,96.51971843,,,97.95514947
239,122.41,95.245,,,100.7658994,,,121.7724721
240,40.89,33.61285714,,,41.45817456,,,42.65810648
241,19.19,14.54,,,25.06295515,,,21.84681293
242,20.01,33.61285714,,,33.13906,,,22.8378953
243,57.13,71.24857143,,,72.14344374,,,66.25169491
244,57.3,65.32285714,,,68.07548183,,,68.88637703
245,74.89,86.30375,,,79.41725678,,,76.70174618
246,88.82,100.106,,,86.51189748,,,90.07014394
247,84.02,86.30375,,,82.1352069,,,88.9281725
248,81.77,86.30375,,,74.91781665,,,81.15930448
249,62.39,74.4125,,,69.72013209,,,63.5318154
250,39.76,50.221,,,39.82733477,,,30.03759912
251,42.2,50.221,,,56.12901566,,,55.43400849
252,74.39,86.30375,,,77.32338715,,,73.31157884
253,77.74,60.79818182,,,71.7191194,,,75.61783542
254,65.44,60.79818182,,,68.08555646,,,70.84048945
255,69.74,86.30375,,,77.27102423,,,81.78030995
256,69.39,93.87333333,,,80.0711196,,,83.30902519
257,85.46,87.56,,,87.04322538,,,93.37033753
258,65.94,60.79818182,,,74.11064092,,,68.04498389
259,53.1,60.79818182,,,63.31152469,,,53.6834768
260,73.49,60.79818182,,,72.26726897,,,73.13954386
261,128.88,113.68,,,106.6874944,,,129.8588051
262,107.41,113.68,,,97.78050636,,,108.037218
263,125.7,113.68,,,96.25941388,,,110.624197
264,59.68,66.46997973,,,62.92022837,,,57.81128457
265,36.77,29.02273206,,,34.10582209,,,27.59343466
266,80.93,60.79818182,,,78.73997608,,,79.64723071
267,82.14,87.56,,,86.63009622,,,82.06424555
268,91.36,100.106,,,91.06065835,,,90.08282023
269,52.98,60.79818182,,,64.72584665,,,52.15955025
270,44.02,60.79818182,,,50.50491216,,,40.58663098
271,52.74,60.79818182,,,67.18863223,,,53.73592222
272,90.85,113.68,,,90.44957444,,,89.57869253
273,86.82,95.245,,,92.75032378,,,92.68742918
274,39.24,33.61285714,,,37.82480071,,,37.00448049
275,52.57,53.00473684,,,61.56380501,,,52.8936608
276,39.59,44.32571429,,,41.63691339,,,37.71421001
277,33.87,44.32571429,,,43.13600315,,,36.16137827
278,32.7,66.46997973,,,44.34688695,,,36.56132634
279,18.12,33.61285714,,,33.27955175,,,27.42573512
280,23.39,44.32571429,,,41.15697071,,,26.04854967
281,25.89,60.79818182,,,45.00019732,,,39.98919183
282,38.8,60.79818182,,,45.17412616,,,45.50480304
283,26.38,33.61285714,,,31.38058641,,,26.47582055
284,12.23,14.54,,,27.89086582,,,15.98704913
285,16.31,37.06625,,,29.70947089,,,16.84247934
286,24.05,33.61285714,,,36.50728283,,,23.41461637
287,32.31,60.79818182,,,42.06318333,,,31.35474702
288,52.72,60.79818182,,,71.54890227,,,55.7583804
289,64.76,87.56,,,81.83928781,,,80.67844082
290,85.16,95.245,,,89.94084239,,,86.14578659
291,44.5,44.77470443,,,54.22949022,,,42.71939119
292,27.88,29.02273206,,,32.63418255,,,30.02513339
293,15.61,13.00142857,,,21.20991651,,,13.46844058
294,20.4,29.02273206,,,25.54500738,,,19.48973451
295,20.05,14.54,,,21.37490497,,,22.0949895
296,25.27,14.54,,,21.58090572,,,22.15433049
297,38.92,35.27542495,,,35.99384251,,,39.86905999
298,33.97,14.54,,,25.70069397,,,30.47504497
299,26.54,21.70433333,,,20.14294617,,,23.68252225
300,28.22,13.32769231,,,22.74861376,,,25.73955538
301,31.71,13.32769231,,,23.57215395,,,21.95381028
302,24.18,13.32769231,,,23.48250074,,,22.70577437
303,25.01,29.02273206,,,23.68811147,,,27.39811145
304,26.27,29.02273206,,,21.99013081,,,24.40325447
305,21.28,14.54,,,21.4978969,,,23.52402272
306,28.38,29.02273206,,,24.37659795,,,27.99872119
307,26.26,28.93274709,,,26.14473087,,,27.14268919
308,27.39,29.02273206,,,25.05275844,,,28.55102138
309,29.09,29.02273206,,,25.71137748,,,29.33313419
310,21.7,21.70433333,,,18.95196902,,,20.54880716
311,25.95,35.27542495,,,28.84544274,,,29.54005214
312,33.68,35.27542495,,,33.36920074,,,34.48503941
313,31.11,35.27542495,,,30.94334011,,,29.41069794
314,26.04,35.27542495,,,30.32652551,,,30.16627805
315,24.07,29.02273206,,,25.33245633,,,25.34571827
316,43.72922961,35.27542495,,,30.79884626,,,38.52123018
317,43.72922961,35.27542495,,,31.44027098,,,42.1670851
318,43.72922961,35.27542495,,,34.34568436,,,42.06847812
319,43.72922961,35.27542495,,,34.61412207,,,44.67981481
320,43.72922961,27.59560423,,,31.45758645,,,43.26009868
321,43.72922961,35.27542495,,,33.43908717,,,39.48719762
322,43.72922961,35.27542495,,,32.45378798,,,38.26760054
323,43.72922961,35.27542495,,,29.7174824,,,35.34576864
324,18.92,29.02273206,,,22.00619731,,,20.06359464
325,17.24,13.00142857,,,18.69085054,,,17.32542545
326,18.76,21.70433333,,,18.66316271,,,19.82269723
327,20.04,21.70433333,,,18.30623743,,,18.41237259
328,18.61,13.00142857,,,17.67395667,,,19.63188608
329,13.77,13.00142857,,,17.87105532,,,14.8251193
330,17.8,13.00142857,,,18.19602176,,,18.11099643
331,16.09,13.00142857,,,17.87464492,,,15.27141011
332,19.41,14.54,,,18.13932993,,,18.03359295
333,21.4,21.70433333,,,19.57584402,,,21.1643889
334,21.21,21.70433333,,,18.93236613,,,17.50096861
335,14.99,13.00142857,,,16.55078034,,,15.44443851
336,12.88,13.00142857,,,15.86403135,,,14.86602223
337,11.36,13.00142857,,,15.96549575,,,12.33702355
338,11.2,13.00142857,,,16.24722758,,,11.73423068
339,11.14,13.00142857,,,16.22250195,,,13.4517042
340,13.27,14.54,,,16.60465939,,,14.67019583
341,14.19,13.00142857,,,17.16670464,,,16.13762501
342,15.41,14.54,,,17.23234704,,,16.99100946
343,15.61,14.54,,,17.01382096,,,14.12713209
344,14,21.70433333,,,17.0890193,,,16.04592596
345,21.06,21.70433333,,,20.01709993,,,20.93147375
346,12.78,14.54,,,17.24281539,,,14.19308443
347,14.2,14.54,,,17.21040039,,,15.14467917
348,14.01,14.54,,,15.76170653,,,12.7234762
349,16.73,14.54,,,19.08595812,,,16.78777184
350,35.85,38.3775,,,37.85620197,,,36.33299445
351,37.15,38.3775,,,39.73456465,,,36.38462533
352,24.43,21.03875,,,24.89457299,,,25.92106656
353,17.9,14.54,,,18.39850077,,,16.55254465
354,12.69,13.00142857,,,16.61949539,,,12.95440485
355,10.71,13.00142857,,,16.81431746,,,13.30943261
356,12.24,13.00142857,,,14.97395886,,,8.853587821
357,13.49,13.00142857,,,14.41986157,,,11.63004126
358,12.29,13.00142857,,,14.39481892,,,12.50105737
359,14.38,21.70433333,,,15.66659719,,,15.36012444
360,14.82,14.54,,,16.28187256,,,14.96979936
361,13.09,13.00142857,,,15.0304332,,,11.4997259
362,13.06,21.70433333,,,15.18508353,,,13.7065109
363,7.42,13.00142857,,,14.51141207,,,9.07460186
364,9.03,13.00142857,,,13.93685511,,,8.461640271
365,10.77,13.00142857,,,14.15836113,,,10.91867471
366,15.18,13.155,,,16.50653811,,,16.55946024
367,23.37,29.02273206,,,22.4464182,,,30.52524818
368,7.5,5.992222222,,,10.26531208,,,7.297675759
369,11.14,13.155,,,11.13304239,,,9.068663273
370,7.24,7.222222222,,,15.68825104,,,15.0107492
371,6.12,7.222222222,,,9.400457,,,6.629569023
372,7.75,7.222222222,,,14.49498818,,,8.996188027
373,5.29,5.992222222,,,10.92269955,,,6.409297766
374,5.62,7.222222222,,,11.47795533,,,7.996770662
375,10.24,11.35142857,,,11.87255677,,,8.844690258
376,7.04,7.222222222,,,8.585096444,,,5.577682712
377,9.62,7.222222222,,,9.34533861,,,6.499915174
378,7.9,5.992222222,,,9.709462707,,,8.24726021
379,6.03,5.992222222,,,10.83152025,,,8.433743967
380,6.1,5.992222222,,,12.62005338,,,10.46034209
381,5.92,5.992222222,,,11.13041544,,,6.651123474
382,3.66,3.77,,,10.58151455,,,3.027553356
383,8.13,7.222222222,,,9.562483497,,,8.490384587
384,16,45.1775,,,17.04020659,,,18.30896853
385,14.07,13.32769231,,,15.2595491,,,14.17486764
386,11.07,9.73,,,12.15025727,,,12.01703548
387,10.74,9.73,,,11.94340261,,,12.12580609
388,9.82,7.222222222,,,10.6671351,,,9.360770151
389,7.17,5.992222222,,,12.68083706,,,6.730089207
390,10.97,9.73,,,12.60247065,,,11.82133657
391,12.74,9.73,,,13.72987394,,,14.66581698
392,17.99,21.70433333,,,16.68727258,,,18.60682711
393,11.37,19.65560423,,,11.84865021,,,12.17317875
394,12.12,7.222222222,,,10.44025255,,,9.745603778
395,2.34,3.77,,,9.181242252,,,3.797323605
396,2.78,3.77,,,8.952228296,,,4.433551794
397,2.98,3.77,,,8.56276109,,,4.961696184
398,3.1,7.222222222,,,8.991323442,,,4.81403179
399,6.38,7.222222222,,,9.587293737,,,7.20576897
400,11.84,13.32769231,,,13.48417166,,,12.36883483
401,15.45,27.59560423,,,16.17404545,,,16.02879298
402,43.72922961,27.59560423,,,20.21877673,,,21.0388284
403,7.49,13.32769231,,,12.86068532,,,10.92322015
404,7.9,14.54,,,11.35289464,,,10.06492936
405,6.33,9.73,,,11.68648303,,,8.488882552
406,6.31,9.73,,,10.78861218,,,6.560228157
407,6.48,3.77,,,12.11851533,,,6.998336306
408,5.23,5.992222222,,,13.10645315,,,8.850126607
409,4.17,3.77,,,9.389860084,,,5.153200121
410,2.98,3.77,,,9.988469815,,,3.92710634
411,3.73,3.77,,,9.601973071,,,3.552001383
412,6.14,13.10406456,,,10.18208593,,,5.059915962
413,8.15,16.33526609,,,14.45529669,,,12.84940679
414,11.05,14.54,,,15.37245347,,,11.5759623
415,9.7,14.54,,,15.44360205,,,11.09281282
416,6.69,16.33526609,,,16.72656784,,,12.55014982
417,5.51,13.10406456,,,15.1166231,,,9.923702799
418,6.1,13.10406456,,,13.72714997,,,6.888438647
419,10.79,13.10406456,,,18.05081851,,,12.28306553
420,17,13.10406456,,,19.16420569,,,17.14820342
421,62.18,45.1775,,,25.63197817,,,46.34146526
422,3.35,13.10406456,,,10.32844678,,,5.805375121
423,10.02,16.33526609,,,15.71611752,,,12.22095857
424,13.1,13.10406456,,,17.31272252,,,13.78507829
425,3.26,13.10406456,,,17.86465087,,,14.8396496
426,43.72922961,13.10406456,,,21.14990969,,,35.57490243
427,43.72922961,29.63179423,,,19.49286505,,,33.49201234
428,43.72922961,16.33526609,,,20.69004372,,,36.4676053
429,2.16,16.33526609,,,16.16234016,,,7.839726015
430,3.83,13.10406456,,,13.92181141,,,3.476531771
431,9,13.10406456,,,16.18260442,,,13.48772405
432,6.34,13.10406456,,,13.45524607,,,7.765351933
433,8.3,13.32769231,,,12.64545199,,,7.311283216
434,8.8,13.32769231,,,13.80330621,,,9.988323906
435,11.43,13.32769231,,,14.11818286,,,13.08313116
436,9.5,20.82560423,,,18.25334528,,,26.84089131
437,8.64,8.13375,,,14.4335535,,,9.390797326
438,6.66,16.33526609,,,12.6229091,,,7.226161446
439,6.07,16.33526609,,,13.72608126,,,12.07554612
440,6.31,29.63179423,,,13.18113266,,,8.726915564
441,8.33,16.33526609,,,12.84815933,,,9.57880542
442,43.72922961,20.82560423,,,25.66205259,,,36.12457298
443,43.72922961,29.63179423,,,23.82203621,,,39.93837424
444,43.72922961,29.63179423,,,23.91884524,,,36.03700865
445,43.72922961,29.63179423,,,23.01225156,,,35.44334381
446,43.72922961,16.33526609,,,24.05812131,,,40.85207423
447,43.72922961,29.63179423,,,23.89209012,,,38.21774871
448,9.84,13.10406456,,,16.84282087,,,12.33191265
449,11.8,29.63179423,,,17.79409999,,,16.66600872
450,12.23,13.10406456,,,15.84908632,,,11.45489617
451,12.61,13.10406456,,,15.99612626,,,14.88250295
452,12.75,13.10406456,,,16.15106985,,,15.1327123
453,10.84,13.10406456,,,15.90852604,,,13.67741439
454,10.43,16.33526609,,,16.16808783,,,17.89108487
455,12.9,13.10406456,,,16.16856526,,,14.8359148
456,12.63,29.63179423,,,18.88279184,,,16.85075487
457,11.49,13.10406456,,,14.23827883,,,13.1850504
458,14.72,13.10406456,,,17.93717507,,,19.40699439
459,19.79,13.10406456,,,19.8207791,,,19.47381669
460,18.07,13.10406456,,,20.93971189,,,15.6292572
461,25,13.10406456,,,24.74793555,,,31.71961371
462,44.46,30.1534611,,,26.76897111,,,38.52431188
463,53.24,35.27542495,,,34.87381211,,,47.29827471
464,13.09,13.10406456,,,16.92583975,,,12.94206223
465,12.52,19.00809524,,,19.34268433,,,14.34116854
466,21.49,19.00809524,,,20.60333214,,,20.82775098
467,25.81,30.1534611,,,20.1277393,,,20.80749347
468,37.33,13.10406456,,,20.62273609,,,23.48534779
469,10.65,13.10406456,,,14.47440972,,,12.69020746
470,11.34,13.10406456,,,15.03260422,,,11.82634488
471,12.26,13.10406456,,,16.78027088,,,15.79282821
472,10.2,13.10406456,,,18.09414209,,,14.7604562
473,13.34,13.10406456,,,19.46694939,,,20.79067028
474,14.09,13.10406456,,,17.38108873,,,14.7102752
475,21.15,13.10406456,,,19.47051655,,,21.09813516
476,16.81,13.10406456,,,19.48356631,,,21.72693711
477,18.73,13.10406456,,,20.59066667,,,19.9451512
478,26.77,13.10406456,,,22.57685927,,,26.6207046
479,24.26,58.73714286,,,31.61078269,,,40.11247857
480,11.27,14.909,,,24.44889828,,,16.18599142
481,11.81,13.10406456,,,15.78911614,,,21.90309468
482,15.58,13.10406456,,,18.93272458,,,18.32735829
483,14.33,19.00809524,,,21.34540066,,,16.96142595
484,43.72922961,44.77470443,,,45.94597152,,,44.27454954
485,17.5,19.00809524,,,27.51925581,,,23.15307477
486,25.65,29.02273206,,,28.62800345,,,28.75158967
487,25.05,29.02273206,,,28.14802483,,,24.4054953
488,20.57,19.00809524,,,23.39068132,,,20.55659786
489,29.45,29.02273206,,,22.93716062,,,17.78741215
490,56.26,58.73714286,,,42.87248056,,,56.07813595
491,24.65,13.10406456,,,24.63431427,,,32.33878158
492,17.14,19.00809524,,,23.11692095,,,18.52985525
493,25.5,29.02273206,,,27.94087417,,,29.55972115
494,43.72922961,29.02273206,,,31.0526339,,,39.27605538
495,43.75,29.02273206,,,31.49639857,,,37.84260513
496,62.3,35.27542495,,,40.53773747,,,45.27087953
497,71.66,44.32571429,,,57.48294626,,,72.00908481
498,50.39,45.1775,,,34.21250355,,,49.30189018
499,57.79,45.1775,,,34.82542272,,,54.67747164
500,46.86,35.27542495,,,35.55411704,,,45.09706871
501,52.58,48.04206472,,,36.69816438,,,50.34621979
502,25.69,13.10406456,,,18.54703004,,,25.06811716
503,27.74,19.00809524,,,22.0046973,,,27.75147336
504,31.6,20.82560423,,,26.04041384,,,35.41249229
505,21.98,19.65560423,,,17.47096361,,,21.4846133
506,28.08,14.54,,,21.70012999,,,26.29387495
507,34.68,29.02273206,,,26.26093535,,,32.71233271
508,42.58,29.02273206,,,30.59915796,,,32.28274614
509,51.66,45.1775,,,42.66553726,,,48.49950668
510,44.67,29.02273206,,,38.69061046,,,45.53436155
511,46.36,45.1775,,,27.73502741,,,38.48147778
512,43.99,29.02273206,,,26.36194072,,,38.3863827
513,49.71,58.73714286,,,47.62123175,,,53.53578612
514,47.21,58.73714286,,,51.76004308,,,48.38941947
515,52.95,50.221,,,49.17257043,,,59.86753296
516,84.38,66.46997973,,,70.7791606,,,80.40270253
517,86.17,66.46997973,,,63.32315377,,,80.20581154
518,70.27,53.00473684,,,63.39517668,,,64.66470348
519,62.13,66.46997973,,,62.64921189,,,70.30028077
520,86.24,53.00473684,,,66.16568086,,,73.96018615
521,100.76,92.572,,,77.13825221,,,92.47473688
522,98.91,92.572,,,90.5805797,,,99.24026361
523,81.88,86.30375,,,83.70399227,,,82.47486368
524,61.49,65.32285714,,,69.79775258,,,62.36177025
525,74.22,86.30375,,,80.83239401,,,83.251546
526,71.5,74.4125,,,75.22124232,,,74.20263692
527,83.61,74.4125,,,86.25329328,,,84.45529741
528,88.98,82.33846137,,,85.36939371,,,88.68170348
529,90.12,82.33846137,,,84.94096844,,,88.07847539
530,86.98,74.4125,,,83.02900672,,,86.30187741
531,79.86,86.30375,,,85.74045523,,,88.54214338
532,76.26,86.30375,,,79.58906074,,,83.452518
533,102,86.30375,,,84.99538844,,,98.95162278
534,86.56,81.93857143,,,73.56945649,,,82.54152105
535,87.57,86.30375,,,83.88190746,,,88.67992903
536,80.59,86.30375,,,81.93352828,,,80.80516434
537,75.62,81.93857143,,,74.82240858,,,73.33585345
538,73.94,71.24857143,,,78.08086396,,,76.07267481
539,78.36,86.30375,,,84.19990694,,,86.77079981
540,93.52,86.30375,,,85.53829622,,,96.49695082
541,72.28,50.221,,,58.81618511,,,61.31058413
542,91.47,86.30375,,,79.67012944,,,89.72473914
543,127.29,121.7681818,,,110.0743188,,,126.7104525
544,121.96,121.7681818,,,108.4207083,,,118.9171581
545,75.68,74.4125,,,74.71025255,,,74.72814056
546,68.54,65.32285714,,,71.7959803,,,66.12781936
547,42.98,44.77470443,,,50.45930363,,,50.17265207
548,73.05,65.32285714,,,76.75264269,,,74.58499356
549,79.65,81.93857143,,,79.33006811,,,79.74756003
550,97.77,87.56,,,95.18082289,,,99.19750019
551,85.76,86.30375,,,80.17437569,,,86.82629894
552,97.44,100.106,,,95.13002688,,,98.08136593
553,103.17,113.68,,,101.4324035,,,104.6383726
554,66.11,71.24857143,,,74.4274997,,,63.52851577
555,78.82,74.4125,,,85.53154619,,,84.11175554
556,80.26,74.4125,,,79.06903781,,,76.11023566
557,71.23,71.24857143,,,77.60482985,,,70.9813045
558,78.9,81.93857143,,,78.97936818,,,80.09363841
559,91.25,86.30375,,,88.14739406,,,97.66230945
560,68.04,71.77625,,,72.67960024,,,69.27910951
561,74.25,71.77625,,,73.76555661,,,72.13877162
562,58.69,50.221,,,50.4797678,,,57.8839612
563,94.84,86.30375,,,80.8608525,,,86.57095718
564,43.72922961,82.33846137,,,81.74999727,,,61.59724451
565,115.03,82.33846137,,,94.28777035,,,109.6813159
566,105.6,108.5542857,,,96.15992367,,,109.7135997
567,91.03,86.30375,,,78.55418094,,,78.49269021
568,85.01,86.30375,,,75.94623836,,,76.57254063
569,69.03,71.24857143,,,72.0843855,,,69.36243035
570,69.95,74.4125,,,78.709161,,,68.87344323
571,98.06,100.106,,,97.32154153,,,97.57072616
572,92.12,87.56,,,96.97141963,,,97.07041363
573,114.33,121.7681818,,,110.1584751,,,113.2544859
574,114,121.7681818,,,112.0389122,,,119.2073014
575,126.43,121.7681818,,,117.3034147,,,125.9676542
576,61.63,74.4125,,,74.31155883,,,64.66378883
577,79.05,82.33846137,,,86.02039973,,,78.47601216
578,101.85,121.7681818,,,111.9901804,,,107.6295131
579,160,113.68,,,107.0803485,,,132.6303993
580,148.01,121.7681818,,,116.6202305,,,148.7469148
581,154.61,149.1814286,,,115.7825122,,,153.3451068
582,43.72922961,44.77470443,,,45.94597152,,,44.27454954
583,117.55,121.7681818,,,110.3031649,,,118.1653766
584,122.35,121.7681818,,,108.7920843,,,121.4242079
585,152.82,121.7681818,,,110.9458229,,,139.2709085
586,154,149.1814286,,,120.5399025,,,155.0779529
587,191.5,149.1814286,,,122.1716869,,,182.3085324
588,118.96,108.5542857,,,107.9372992,,,118.7517807
589,139.29,149.1814286,,,114.6936445,,,140.8613285
590,128.51,149.1814286,,,118.6612238,,,129.8384247
591,117.02,149.1814286,,,116.3420047,,,120.6210424
592,100.9,88.29363636,,,87.75116485,,,98.60363748
593,104.16,86.30375,,,90.18209678,,,100.4505258
594,68.72,71.77625,,,72.06031942,,,69.52217292
595,72.13,71.77625,,,71.71576707,,,68.00897938
596,84.32,64.67857143,,,65.87867869,,,83.28110476
597,43.53,50.221,,,47.50057568,,,42.95122174
598,84.11,87.56,,,88.65959708,,,90.36020647
599,84.01,74.4125,,,79.30255279,,,80.74497306
600,102.8,95.245,,,92.90711731,,,102.6178633
601,125.55,113.68,,,104.9111649,,,119.0283879
602,116.45,108.5542857,,,100.7996814,,,112.407001
603,62.71,82.33846137,,,89.89586605,,,67.51275419
604,66.47,95.245,,,87.60025989,,,67.46611928
605,127,121.7681818,,,105.1753579,,,124.2100032
606,92.45,87.56,,,92.32523724,,,94.25965128
607,104.44,87.56,,,97.04906338,,,98.40153005
608,100.57,100.106,,,102.0588203,,,99.91106369
609,97.42,87.56,,,95.75533888,,,98.01530571
610,90.92,87.56,,,95.76870788,,,92.51457255
611,90.85,93.87333333,,,94.02017031,,,90.85773673
612,83.45,87.04142857,,,84.79153051,,,84.4277824
613,91.26,93.87333333,,,89.91794814,,,89.93226954
614,101.28,87.56,,,92.41617561,,,92.38449704
615,62.41,65.32285714,,,71.80832368,,,64.25797193
616,71.8,71.24857143,,,79.16287935,,,73.77575811
617,64.05,71.77625,,,72.71623158,,,62.59055935
618,69.49,74.4125,,,77.17368715,,,70.79167325
619,68.44,71.24857143,,,72.69581805,,,69.6839209
620,106.54,100.106,,,94.37289782,,,101.9250517
621,144.21,79.95,,,103.5712622,,,130.2925098
622,100.13,87.04142857,,,95.40176421,,,101.0661162
623,73.1,66.46997973,,,71.14042704,,,72.1111034
624,50.81,44.77470443,,,44.42777334,,,48.97415976
625,38.66,44.77470443,,,40.97450159,,,39.05464745
626,37.51,37.06625,,,38.89387976,,,33.64001446
627,45.9,44.77470443,,,42.85177943,,,45.62979597
628,115.84,92.572,,,99.30383133,,,111.3188086
629,50.76,44.77470443,,,49.28180135,,,49.47140376
630,51.5,44.77470443,,,48.58793147,,,50.68760937
631,61.99,48.04206472,,,50.74857908,,,59.58673696
632,72.98,66.46997973,,,67.38880689,,,72.71768059
633,92.31,66.46997973,,,83.0121566,,,91.44082363
634,106.34,92.572,,,83.36604408,,,97.34036806
635,83.45,66.46997973,,,71.15896607,,,80.45521095
636,49.86,44.77470443,,,43.9924031,,,50.96589552
637,51.57,44.77470443,,,46.38476761,,,45.32128145
638,67.33,66.46997973,,,66.50020163,,,66.91813048
639,84.73,88.29363636,,,71.62541951,,,82.41041524
640,68.26,53.00473684,,,63.68752741,,,67.66034703
641,71.1,88.29363636,,,75.10296293,,,74.33102295
642,94.62,87.04142857,,,85.0642247,,,90.73103846
643,98.61,92.572,,,75.71883055,,,89.22625236
644,59.53,66.46997973,,,56.15833346,,,61.1807893
645,47.55,48.04206472,,,47.47588861,,,51.38838601
646,34.38,29.02273206,,,38.83469469,,,44.78006937
647,59.15,66.46997973,,,68.17182251,,,71.78589591
648,49.74,48.04206472,,,44.84728346,,,47.63752161
649,36.52,35.27542495,,,33.99975423,,,37.75689717
650,36.1,29.02273206,,,36.06300971,,,36.0726428
651,73.22,44.32571429,,,70.77418919,,,72.9210073
652,62.2,66.46997973,,,62.7847596,,,63.5046366
653,56.52,66.46997973,,,63.43070101,,,63.11169491
654,49.58,66.46997973,,,58.66372984,,,63.22538873
655,58.06,53.00473684,,,63.97666,,,59.3097909
656,47.03,66.46997973,,,59.71674995,,,51.75544725
657,50.12,66.46997973,,,55.69299267,,,57.74961263
658,51.63,67.07666667,,,54.69901858,,,56.63671927
659,47.7,66.46997973,,,46.68269186,,,51.1705164
660,46.71,38.3775,,,45.92800164,,,49.28309172
661,63.73,66.46997973,,,59.33339547,,,63.9503118
662,78.99,88.29363636,,,75.81639648,,,79.97901898
663,66.06,66.46997973,,,71.99295725,,,68.14338905
664,70.92,60.79818182,,,71.57019126,,,69.15175216
665,76.17,59.57714286,,,80.0121418,,,73.0437002
666,54.18,53.00473684,,,52.91114182,,,50.23508815
667,54.76,35.27542495,,,34.8013785,,,49.58730462
668,17.38,19.00809524,,,22.83244743,,,24.45976512
669,23.61,29.02273206,,,25.67430225,,,23.73953285
670,46.9,66.46997973,,,49.78296822,,,46.87434897
671,44.86,38.3775,,,52.31708104,,,47.02090536
672,35.12,35.27542495,,,36.4141301,,,37.21449546
673,31.79,35.27542495,,,31.02827314,,,33.4193261
674,23.7,21.70433333,,,26.2151997,,,26.83409454
675,34.28,48.04206472,,,35.18426206,,,34.13044511
676,30.97,21.03875,,,31.47025326,,,30.44351723
677,29.34,48.04206472,,,30.56271803,,,28.90659515
678,34.66,48.04206472,,,36.79798621,,,34.3028422
679,39.3,38.3775,,,44.45573056,,,44.61708021
680,42.57,48.04206472,,,36.55158838,,,39.20460466
681,36.41,48.04206472,,,31.35734544,,,37.86007027
682,32.74,29.02273206,,,26.69513277,,,30.5047563
683,34.45,21.70433333,,,26.41069311,,,34.30727577
684,36.69,37.06625,,,28.19446883,,,36.32483384
685,27.67,21.70433333,,,24.04746253,,,26.73180478
686,25.72,21.70433333,,,22.6379166,,,27.3965845
687,32.49,21.70433333,,,25.00416652,,,28.76413452
688,30.02,21.70433333,,,24.33153077,,,29.96779309
689,24.89,21.70433333,,,23.08364257,,,23.66312858
690,23.75,21.70433333,,,22.01237529,,,22.25728222
691,26.7,21.70433333,,,26.11929206,,,28.70731071
692,25.93,21.70433333,,,27.67870181,,,26.53879749
693,23.86,21.70433333,,,24.09004768,,,24.94450905
694,28.68,21.70433333,,,25.49596769,,,26.08782986
695,51.06,38.3775,,,44.97690071,,,47.69301819
696,44.98,67.07666667,,,44.5969172,,,46.88311095
697,35.12,35.27542495,,,30.6216453,,,34.48858487
698,20.37,21.70433333,,,22.118566,,,21.48298034
699,24.76,21.70433333,,,22.04137941,,,21.1425291
700,23.73,21.70433333,,,22.64316605,,,21.86279728
701,23.36,21.70433333,,,21.63030222,,,23.34564071
702,36.8,35.27542495,,,29.42919361,,,35.25729681
703,27.63,21.70433333,,,23.34210369,,,24.11468947
704,25.79,21.70433333,,,22.31346309,,,19.46963365
705,23.83,21.70433333,,,22.02741032,,,21.61834321
706,24.63,21.70433333,,,24.18885198,,,25.3148653
707,26,21.70433333,,,25.57736812,,,23.30512266
708,43.72922961,44.77470443,,,45.94597152,,,44.27454954
709,43.72922961,44.77470443,,,45.94597152,,,44.27454954
710,43.72922961,44.77470443,,,45.94597152,,,44.27454954
711,43.72922961,44.77470443,,,45.94597152,,,44.27454954
712,43.72922961,44.77470443,,,45.94597152,,,44.27454954
713,43.72922961,44.77470443,,,45.94597152,,,44.27454954
714,43.72922961,44.77470443,,,45.94597152,,,44.27454954
715,43.72922961,44.77470443,,,45.94597152,,,44.27454954
716,43.72922961,44.77470443,,,45.94597152,,,44.27454954
717,11.1,13.155,,,20.53383092,,,14.04048284
718,15.52,13.155,,,17.97297643,,,16.43632244
719,23.85,35.27542495,,,28.38427325,,,30.45240872
720,28.13,35.27542495,,,31.65277861,,,32.06771534
721,23.48,35.27542495,,,27.48012888,,,24.89266944
722,21.17,21.70433333,,,23.70286342,,,21.208751
723,19.26,21.70433333,,,23.04075376,,,18.52453767
724,19.53,21.03875,,,25.57275552,,,21.14639386
725,16.14,21.70433333,,,23.69159023,,,19.41959784
726,15.24,14.47727273,,,21.58589212,,,17.51283226
727,15.67,14.47727273,,,21.76910206,,,16.39788499
728,16.52,21.70433333,,,22.26712723,,,18.82066744
729,17.28,14.47727273,,,21.62174932,,,17.32260062
730,19,25.286875,,,25.58409048,,,29.48500361
731,43.72922961,30.1534611,,,26.51791507,,,38.37034019
732,43.72922961,29.63179423,,,23.96509484,,,36.71506858
733,43.72922961,30.1534611,,,28.57778698,,,39.44386965
734,43.72922961,30.1534611,,,28.10516508,,,41.70270035
735,43.72922961,25.286875,,,25.80629806,,,33.34329983
736,43.72922961,19.65560423,,,19.41796293,,,19.43268666
737,43.72922961,19.65560423,,,21.95020682,,,34.02531101
738,8.18,7.222222222,,,13.00740728,,,10.75388758
739,6.11,7.222222222,,,13.32255251,,,6.942834235
740,5.35,7.222222222,,,13.23869914,,,6.77856447
741,10.17,7.222222222,,,13.47200443,,,9.645880129
742,6.91,7.222222222,,,12.90013835,,,9.864392758
743,10.82,13.32769231,,,17.96341873,,,19.55666608
744,16.99,14.909,,,19.51762796,,,18.16481489
745,11.23,13.10406456,,,19.39852177,,,23.83194571
746,9.68,13.10406456,,,16.40721857,,,10.12674253
747,26.44,14.909,,,27.24014987,,,24.54160205
748,27.99,38.3775,,,39.61399916,,,29.60393353
749,17.53,14.47727273,,,16.92653302,,,14.97443285
750,47.01,27.59560423,,,30.14327445,,,48.66162614
751,37.22,38.3775,,,38.3400736,,,39.01114787
752,24.17,27.59560423,,,25.47063591,,,26.24578365
753,18.91,14.909,,,24.34426729,,,18.12009783
754,14.24,14.47727273,,,20.11126543,,,14.65871831
755,13.17,16.33526609,,,16.88909933,,,14.03073242
756,17.87,29.02273206,,,21.46189823,,,19.96298401
757,14.57,13.155,,,17.60708486,,,12.44993033
758,17.3,29.63179423,,,17.77543897,,,18.85133577
759,10.53,13.10406456,,,14.07021478,,,9.453372542
760,9.57,13.10406456,,,16.5044878,,,10.77645195
761,8.56,14.47727273,,,18.22848286,,,10.31027644
762,10.29,19.00809524,,,18.49141032,,,8.931657587
763,11.39,14.47727273,,,19.63905514,,,12.07346158
764,11.26,21.70433333,,,18.52949778,,,13.62851191
765,12.48,21.70433333,,,19.72878353,,,14.11505142
766,14.42,21.70433333,,,21.90014893,,,21.54006603
767,14.47,21.70433333,,,20.11912757,,,15.02827562
768,17,29.02273206,,,26.82027841,,,23.48502467
769,19.67,29.02273206,,,29.93123485,,,21.57969246
770,7.42,13.10406456,,,15.29149324,,,6.930962857
771,10.39,13.10406456,,,15.32008105,,,11.94430236
772,11.35,13.10406456,,,14.17514453,,,10.80000783
773,9.62,13.10406456,,,15.39049446,,,10.81460987
774,8.96,13.10406456,,,14.43619075,,,6.589407908
775,9.1,13.10406456,,,14.71949533,,,9.532483036
776,8.78,13.10406456,,,14.36766667,,,9.998881641
777,7.21,13.10406456,,,14.06123621,,,11.7133109
778,9.87,13.10406456,,,14.86859948,,,10.46682706
779,10.14,14.47727273,,,15.50045599,,,11.19655823
780,11.7,14.47727273,,,14.74416904,,,12.95984542
781,11.25,14.47727273,,,14.31360904,,,15.09784704
782,15.19,14.47727273,,,15.60332956,,,16.16229863
783,14.71,13.10406456,,,13.96245778,,,14.31951684
784,12.52,13.10406456,,,14.44593154,,,12.25696238
785,13.48,13.10406456,,,15.13918996,,,14.98735538
786,15.13,14.47727273,,,15.99284262,,,16.00396221
787,11.92,13.10406456,,,14.53468572,,,13.90384017
788,11.39,13.10406456,,,13.42524249,,,11.46480091
789,11.55,13.10406456,,,13.54989309,,,12.89770921
790,11.86,13.10406456,,,13.68485094,,,10.64545625
791,8.38,13.10406456,,,13.49684414,,,9.187137364
792,7.94,13.10406456,,,18.41842776,,,19.46750196
793,9.96,13.10406456,,,14.03839492,,,9.336943895
794,8.29,13.10406456,,,12.98246379,,,7.387679602
795,12.28,14.47727273,,,18.12315571,,,12.68393335
796,10.62,14.47727273,,,21.50355112,,,16.51279529
797,16.48,14.47727273,,,19.6881214,,,30.62293114
798,16.3,14.47727273,,,19.68535658,,,16.98026412
799,17.69,19.00809524,,,19.25587259,,,17.18852584
800,14.6,13.10406456,,,16.46465902,,,16.45059345
801,12.82,13.10406456,,,15.09817043,,,13.82985906
802,11.04,19.00809524,,,17.20992503,,,13.02861137
803,13.39,13.10406456,,,16.43552807,,,16.3042171
804,12.65,19.00809524,,,17.34148212,,,14.11564526
805,10.95,14.47727273,,,15.07597152,,,11.00779273
806,11.65,13.10406456,,,16.60352984,,,11.4189045
807,15.44,13.10406456,,,17.79391894,,,17.59838993
808,14.36,18.876,,,24.07634394,,,18.26173096
809,13.1,13.10406456,,,14.56043039,,,14.39248792
810,21.1,13.10406456,,,18.71347278,,,17.51954823
811,17.28,13.10406456,,,17.22868652,,,15.04360703
812,11.45,13.10406456,,,16.42060829,,,10.91601783
813,17.43,13.10406456,,,18.24890362,,,14.56828915
814,23.13,25.286875,,,16.45676695,,,13.29324454
815,11.99,13.10406456,,,16.01062172,,,9.490992781
816,12.2,13.10406456,,,17.40680576,,,16.71583117
817,11.01,13.10406456,,,15.50751865,,,10.70248491
818,14.39,13.10406456,,,17.06140402,,,13.38602214
819,18.52,18.876,,,23.86350856,,,20.82408663
820,19.18,18.876,,,23.13781632,,,22.04077722
821,22.53,18.876,,,20.64583624,,,20.95343162
822,19.33,13.10406456,,,15.02258526,,,12.17591088
823,14.52,13.10406456,,,14.76203506,,,11.23749057
824,11.26,13.10406456,,,13.76103133,,,11.02046709
825,11.66,13.10406456,,,18.34786764,,,15.65818117
826,15.14,13.10406456,,,17.73061952,,,21.30307753
827,18.55,13.10406456,,,17.8770868,,,20.22072645
828,15.04,13.10406456,,,16.70087206,,,12.94222814
829,11.12,13.10406456,,,16.10919457,,,10.76188892
830,8.47,13.10406456,,,13.68076105,,,7.992402319
831,12.02,13.10406456,,,13.33120335,,,9.62661872
832,12,9.73,,,13.88467881,,,11.09662056
833,10.55,7.222222222,,,13.08755171,,,6.063074189
834,9.18,7.222222222,,,13.75637305,,,11.65366304
835,13.71,13.10406456,,,14.60047181,,,14.20520679
836,21.73,14.909,,,23.30049597,,,18.67635832
837,20.53,14.909,,,25.91527882,,,22.2604476
838,17.85,14.47727273,,,20.08946254,,,14.42018559
839,16.7,14.47727273,,,20.31461151,,,12.60487724
840,8.8,19.00809524,,,35.95498713,,,13.97162851
841,43.72922961,44.77470443,,,45.94597152,,,44.27454954
842,11.82,13.10406456,,,14.65086518,,,4.972697983
843,6.19,13.10406456,,,14.74751278,,,6.2939611
844,6.9,18.876,,,20.9632583,,,8.356570474
845,10.1,44.77470443,,,34.96336453,,,14.72461659
846,8.23,27.203,,,36.09603036,,,11.20110806
847,11.37,14.909,,,28.98123679,,,12.62521314
848,43.72922961,44.77470443,,,45.94597152,,,44.27454954
849,8.12,27.203,,,30.8285867,,,23.35261065
850,6.16,14.909,,,23.30002631,,,6.076270915
851,43.72922961,44.77470443,,,45.94597152,,,44.27454954
852,10.04,27.203,,,29.60194163,,,26.99307635
853,22.4,35.27542495,,,34.72184344,,,34.56875986
854,24.97,35.27542495,,,33.3670215,,,29.54124651
855,36.04,35.27542495,,,32.53417536,,,33.0804988
856,36.32,35.27542495,,,33.55735294,,,32.00405775
857,30.63,35.27542495,,,34.82701406,,,32.12405085
858,40.5,35.27542495,,,36.87713528,,,41.34350984
859,34.71,35.27542495,,,32.29597235,,,32.72044416
860,17.38,14.909,,,28.04506991,,,25.63413163
861,12.35,14.909,,,28.51303973,,,19.49895467
862,16.8,35.27542495,,,32.43354924,,,23.94651757
863,32.22,48.04206472,,,37.47590898,,,33.01585493
864,42.09,44.77470443,,,42.36972045,,,41.55810815
865,59.74,48.04206472,,,45.03443721,,,57.71964554
866,93.52,72.14571429,,,48.73584509,,,79.94313448
867,68.93,48.04206472,,,50.17507377,,,70.78644207
868,52.8,72.14571429,,,52.39969382,,,55.89193767
869,60.52,48.04206472,,,46.16292258,,,57.60395406
870,28.13,44.77470443,,,39.91647605,,,31.27611519
871,29.17,44.77470443,,,45.59132445,,,40.15892752
872,30.6,44.77470443,,,45.31066982,,,35.02919487
873,54.04,44.77470443,,,53.77973252,,,53.30330366
874,61.16,44.77470443,,,41.84740671,,,39.29926898
875,39.15,35.27542495,,,32.66534486,,,32.96676906
876,24.03,35.27542495,,,34.87693581,,,29.05757415
877,19.81,35.27542495,,,36.21552503,,,29.81228074
878,54.77,35.27542495,,,43.14200333,,,51.72864287
879,59.96,48.04206472,,,52.55968608,,,61.48622958
880,68.74,72.14571429,,,55.44029566,,,66.65936994
881,53.4,50.221,,,57.10519612,,,53.49938811
882,55.15,50.221,,,60.58742533,,,51.50928751
883,69.17,72.14571429,,,58.56165745,,,69.90336801
884,100.79,72.14571429,,,68.63109893,,,93.13227429
885,103.02,72.14571429,,,65.73290767,,,98.34236512
886,86.51,87.56,,,89.04210252,,,90.84522288
887,107.25,108.5542857,,,90.16692712,,,99.44458496
888,104.53,87.04142857,,,88.87152447,,,99.89601404
889,60.98,66.46997973,,,59.46408503,,,60.70756886
890,74.81,66.46997973,,,71.34276749,,,70.99747162
891,90.51,88.29363636,,,87.04104323,,,94.80598571
892,80.05,87.56,,,86.59406607,,,81.59808772
893,78.68,87.56,,,84.58701685,,,79.73665111
894,82.08,87.56,,,87.03265873,,,88.73125563
895,84.73,87.56,,,89.31178272,,,85.48606157
896,96.37,108.5542857,,,92.17494052,,,95.58267216
897,103.72,92.572,,,96.9513638,,,101.9188811
898,122.34,119.0705882,,,101.4256474,,,120.3084623
899,109.68,119.0705882,,,95.13693598,,,109.2435947
900,57.75,66.46997973,,,58.72360587,,,57.83066227
901,29.06,25.286875,,,25.82915006,,,26.78643183
902,49.71,72.14571429,,,56.47796379,,,58.06604771
903,63.64,66.46997973,,,62.6788113,,,62.65109679
904,18.14,19.00809524,,,26.03811834,,,23.24254802
905,22.62,25.286875,,,26.16821583,,,23.52441998
906,27.74,25.286875,,,29.40956446,,,30.46442806
907,43.72922961,44.77470443,,,45.94597152,,,44.27454954
908,69.4,66.46997973,,,59.615317,,,67.47333327
909,83.56,66.73285714,,,75.16465005,,,85.54781268
910,78.96,66.46997973,,,72.78119992,,,77.23931067
911,81.26,88.29363636,,,76.20849852,,,83.65263415
912,69.55,66.73285714,,,76.02076063,,,70.71175196
913,79.59,119.0705882,,,83.77796538,,,82.92086969
914,70.91,66.46997973,,,64.44046921,,,71.46150837
915,46.67,45.1775,,,29.76310587,,,42.61156027
916,58.37,44.77470443,,,45.53528829,,,58.21545548
917,61.76,48.04206472,,,40.59038695,,,53.6993361
918,47.42,48.04206472,,,38.86964087,,,50.51323487
919,89.92,66.73285714,,,77.88423546,,,89.73475427
920,115.91,119.0705882,,,99.25334997,,,114.7121371
921,119.67,119.0705882,,,97.14432867,,,114.3422542
922,113.83,119.0705882,,,100.3050792,,,110.9142079
923,107.11,84.592,,,94.04054655,,,104.8075311
924,100.84,119.0705882,,,89.54154118,,,100.5985669
925,103.69,84.592,,,90.19104387,,,101.9541512
926,94.19,79.95,,,90.10898659,,,95.49980845
927,86.24,88.29363636,,,79.43306412,,,84.05899414
928,100.8,119.0705882,,,92.13161526,,,95.62436936
929,132.27,119.0705882,,,99.65241786,,,130.1495187
930,133.35,119.0705882,,,99.38073332,,,132.4489534
931,135.49,119.0705882,,,93.98751273,,,124.3979458
932,113,84.592,,,94.05191338,,,111.2800121
933,118.07,119.0705882,,,99.8576433,,,113.7883369
934,126.55,119.0705882,,,99.55836144,,,124.658917
935,132.23,119.0705882,,,100.7646643,,,131.4536492
936,108.73,119.0705882,,,101.7327382,,,108.817153
937,57.65,44.32571429,,,60.6167319,,,60.27662058
938,64.31,58.73714286,,,52.67843968,,,65.29977126
939,100.8,58.73714286,,,56.5668285,,,58.80894376
940,106.4,67.07666667,,,87.87150033,,,102.3344197
941,96.51,92.572,,,86.69365959,,,97.59938224
942,59.09,84.592,,,84.28824091,,,90.613032
943,87.28,58.73714286,,,57.5193441,,,79.54058042
944,120,44.77470443,,,49.23524252,,,77.38398266
945,88.95,28.93274709,,,44.79376828,,,44.5206727
946,89.62,35.27542495,,,44.09507914,,,62.00657723
947,95.21,119.0705882,,,83.33276685,,,78.96188196
948,108.66,119.0705882,,,92.17531527,,,106.4363407
949,124.77,119.0705882,,,93.76275984,,,119.2191594
950,77.76,66.46997973,,,66.51376611,,,76.88088968
951,103.94,88.29363636,,,82.9573634,,,100.3743647
952,56.54,35.27542495,,,45.69467947,,,54.80885814
953,32.67,25.286875,,,40.16111944,,,34.75247064
954,36.12,25.286875,,,40.45393077,,,34.64122677
955,73.62,44.32571429,,,73.13844286,,,78.41387628
956,62.95,44.32571429,,,71.38335798,,,74.66547993
957,91.63,84.592,,,83.48965909,,,90.13238937
958,109.08,119.0705882,,,91.42692366,,,109.2802076
959,94.89,88.29363636,,,81.47228778,,,91.72438937
960,77.75,66.46997973,,,70.96249742,,,76.15336807
961,81.37,66.46997973,,,67.18794323,,,82.0881172
962,90.25,84.592,,,83.01680306,,,90.76922816
963,97.46,121.7681818,,,92.26003949,,,93.45757798
964,52.65,72.14571429,,,49.01886589,,,53.39748735
965,44.62,37.06625,,,48.65598939,,,46.49500963
966,33.5,72.14571429,,,49.29852115,,,39.75325682
967,147.42,119.0705882,,,93.65956872,,,142.6879699
968,89.02,92.572,,,84.63378337,,,91.34284804
969,97.68,119.0705882,,,88.3276624,,,105.1088154
970,85.16,92.572,,,82.89129685,,,87.40448509
971,75.82,87.04142857,,,80.87696496,,,85.82634777
972,62.95,92.572,,,77.21576537,,,63.02734526
973,59.72,88.29363636,,,68.89917017,,,58.22702679
974,73.1,92.572,,,80.13700845,,,74.42467938
975,82.96,79.95,,,89.16331648,,,78.34895618
976,59.92,88.29363636,,,80.79468576,,,72.34589105
977,87.28,87.04142857,,,83.44393939,,,85.23649192
978,83.05,66.46997973,,,65.40119666,,,72.88810812
979,83.62,67.07666667,,,83.50797985,,,83.41417126
980,96.99,92.572,,,86.02291213,,,98.57415933
981,91.33,95.245,,,87.5428632,,,90.94177792
982,54.58,92.572,,,83.60773073,,,87.3993571
983,30.79,44.77470443,,,49.93078074,,,34.16537221
984,41.45,44.32571429,,,64.00568246,,,42.23260513
985,65.58,67.07666667,,,79.91260126,,,65.28955163
986,58.37,67.07666667,,,75.9349298,,,60.74359247
987,55.21,66.73285714,,,72.58920125,,,57.66641881
988,66,69.42181818,,,79.20023621,,,68.65292696
989,48.91,66.46997973,,,67.75787058,,,57.13736666
990,29.08,44.77470443,,,41.09731852,,,30.21251557
991,19.09,25.286875,,,35.51289412,,,19.17709004
992,31.9,44.77470443,,,49.73213756,,,31.67591728
993,44.96,53.00473684,,,59.1857078,,,47.51925709
994,59.58,53.00473684,,,64.99745353,,,55.28060103
995,48.16,66.46997973,,,58.83633678,,,49.81320511
996,61.47,67.07666667,,,77.057882,,,66.56759623
997,48.25,60.79818182,,,63.26611296,,,48.44988485
998,49.16,53.00473684,,,67.54885621,,,50.45645961
999,63.74,67.07666667,,,77.20562709,,,71.81274427
1000,83.75,87.04142857,,,84.10551085,,,97.32464803
1001,68.61,87.04142857,,,81.88449971,,,71.82426891
1002,43.72922961,66.46997973,,,73.11683963,,,49.89086117
1003,67.9,67.07666667,,,77.37560339,,,69.79572334
1004,87.16,82.33846137,,,87.19094906,,,84.09476054
1005,90.75,95.245,,,88.23801736,,,80.50587007
1006,81.31,95.245,,,88.6600235,,,82.55379815
1007,54.98,79.95,,,77.43047057,,,69.26113809
1008,68.57,87.04142857,,,76.78877757,,,67.83388216
1009,74,69.42181818,,,81.17658302,,,75.65185637
1010,63.91,66.73285714,,,72.85071694,,,69.26477374
1011,76.32,119.0705882,,,83.5954206,,,77.12058956
1012,93.22,84.592,,,86.63463898,,,90.60490659
1013,89.38,87.04142857,,,85.68113959,,,89.04480833
1014,91.12,84.592,,,81.48437541,,,85.85897037
1015,59.3,53.00473684,,,62.60546863,,,57.90583268
1016,67.37,59.57714286,,,75.3462545,,,71.86960202
1017,67.26,59.57714286,,,71.03662219,,,68.29901243
1018,77.92,59.57714286,,,75.68890988,,,75.77414894
1019,58.92,59.57714286,,,70.81486411,,,65.088319
1020,62.54,59.57714286,,,67.80958537,,,65.98520153
1021,61.3,53.00473684,,,63.15802442,,,58.8166797
1022,37.78,27.203,,,41.8144051,,,36.23291648
1023,34.54,53.00473684,,,50.79685432,,,41.29932147
1024,51.08,69.42181818,,,71.29028081,,,78.44248485
1025,52.58,59.57714286,,,65.95195978,,,53.46634661
1026,54.7,59.57714286,,,67.43898154,,,63.63642277
1027,60.02,59.57714286,,,67.41305797,,,63.52793075
1028,32.91,27.203,,,47.84120636,,,45.45231945
1029,29.5,27.203,,,33.9118675,,,30.12847806
1030,32.17,27.203,,,37.75488464,,,34.22438166
1031,38.04,38.3775,,,43.1999271,,,34.99346182
1032,39.13,38.3775,,,46.00597246,,,31.91505086
1033,36.42,38.3775,,,44.66020813,,,34.5914075
1034,35.73,38.3775,,,48.84754276,,,44.62111981
1035,84.99,79.95,,,69.08961792,,,85.86503087
1036,63.09,59.57714286,,,62.93279695,,,64.47012501
1037,53.84,59.57714286,,,66.44965836,,,67.2552381
1038,42.27,38.3775,,,52.36544858,,,46.03860803
1039,33.21,38.3775,,,43.86519256,,,37.32069773
1040,33.04,27.203,,,36.39280209,,,32.59766031
1041,32.92,27.203,,,32.05089152,,,30.79407825
1042,34.42,29.02273206,,,25.68436215,,,22.75350503
1043,29.12,25.286875,,,25.56107246,,,19.77514161
1044,27.35,19.00809524,,,22.05696905,,,22.87798393
1045,28.57,29.02273206,,,29.65223393,,,27.95157307
1046,33.64,27.203,,,36.65235105,,,34.28242452
1047,33.91,28.93274709,,,35.36476739,,,34.73829071
1048,29.66,29.02273206,,,27.21186008,,,28.19437504
1049,28.5,29.02273206,,,29.5072754,,,33.67618945
1050,30.54,27.203,,,34.9966331,,,36.05101927
1051,27.7,27.203,,,31.32953992,,,27.60380772
1052,24.04,37.06625,,,30.76766973,,,29.04288877
1053,25.89,29.02273206,,,35.08655862,,,27.52711925
1054,28.82,44.77470443,,,32.78973596,,,21.12780627
1055,43.97,53.00473684,,,47.55064688,,,22.45116603
1056,56.79,53.00473684,,,46.43256983,,,53.03643534
1057,52.88,66.46997973,,,57.33204216,,,53.96510753
1058,34.25,35.27542495,,,30.95609044,,,35.0101345
1059,39.95,35.27542495,,,39.81931843,,,40.61690367
1060,25.63,18.876,,,28.03162235,,,25.61848291
1061,23.9,18.876,,,24.6582534,,,19.15859478
1062,32.89,35.27542495,,,33.51969065,,,31.30427996
1063,23.27,18.876,,,22.5908548,,,23.54598553
1064,24.29,14.47727273,,,21.91627412,,,21.71321277
1065,20.43,19.00809524,,,21.02857175,,,20.93941576
1066,22.77,19.00809524,,,22.25408143,,,22.54235802
1067,25.26,18.876,,,28.84505989,,,26.08708536
1068,43.72922961,48.04206472,,,41.20700878,,,43.79184683
1069,43.72922961,28.93274709,,,37.14067785,,,42.57104948
1070,43.72922961,38.3775,,,55.34202436,,,61.48397619
1071,48.28,59.57714286,,,58.40053896,,,61.16686228
1072,37,38.3775,,,42.45753699,,,39.79329196
1073,27.36,28.93274709,,,31.04303617,,,26.55878537
1074,25.31,28.93274709,,,29.17794776,,,21.85281428
1075,27.96,27.203,,,30.43036436,,,29.6526078
1076,24.86,14.909,,,27.87885518,,,25.05970941
1077,29.65,53.00473684,,,45.45648703,,,31.27615435
1078,44.36,56.72,,,57.73772349,,,47.56558317
1079,25.44,72.14571429,,,41.52284854,,,40.90308018
1080,29.97,38.3775,,,50.56471137,,,32.38049622
1081,65,59.57714286,,,66.30105143,,,67.25744307
1082,43.72922961,44.77470443,,,45.94597152,,,44.27454954
1083,63.33,59.57714286,,,62.97469335,,,63.54191277
1084,49.13,84.592,,,59.26649134,,,56.5787669
1085,35.44,66.46997973,,,47.02022183,,,41.46770235
1086,20.38,20.82560423,,,25.20182448,,,19.02587104
1087,15.46,13.10406456,,,20.7772987,,,20.26974612
1088,17.03,14.909,,,26.58126364,,,23.77211158
1089,19.83,21.03875,,,31.93958662,,,19.53498087
1090,17.84,21.03875,,,30.39768272,,,20.84919537
1091,15.04,20.82560423,,,22.34393018,,,14.28691088
1092,12.1,20.82560423,,,22.40588926,,,11.29765571
1093,14.95,20.82560423,,,23.03613394,,,12.8668519
1094,16.36,18.876,,,25.86594937,,,16.05571069
1095,18.22,21.03875,,,27.5641159,,,17.76918954
1096,20.48,21.03875,,,29.54104221,,,19.24292202
1097,21.83,28.93274709,,,26.92772409,,,22.72583402
1098,24.13,28.93274709,,,29.19869516,,,27.9155697
1099,18.22,18.876,,,21.92893994,,,16.47905515
1100,14.54,18.876,,,20.87675545,,,14.00658114
1101,15.33,30.1534611,,,19.1158285,,,13.96023154
1102,13.84,30.1534611,,,20.3814924,,,14.18892608
1103,9.56,30.1534611,,,19.17517371,,,12.05156182
1104,10.6,30.1534611,,,17.35194691,,,11.61237101
1105,11.41,19.00809524,,,19.67784211,,,12.9782413
1106,9.09,27.203,,,23.14643893,,,13.14882489
1107,7.19,44.77470443,,,30.91129353,,,26.98150284
1108,8.33,19.00809524,,,18.41159266,,,12.855335
1109,13.29,13.10406456,,,16.95395655,,,14.64117235
1110,12.77,19.00809524,,,21.42087555,,,12.16545034
1111,17.75,20.82560423,,,18.74466957,,,16.31954337
1112,15.34,13.10406456,,,18.67437991,,,16.26187119
1113,13.21,13.10406456,,,16.56497164,,,12.5689281
1114,7.94,13.10406456,,,18.62781207,,,9.199238428
1115,7.16,13.10406456,,,15.16534581,,,7.239320534
1116,9.21,13.10406456,,,13.70900598,,,7.493159625
1117,11.76,13.10406456,,,14.73090042,,,7.073570154
1118,9.83,13.10406456,,,15.35943471,,,9.697424707
1119,12.29,13.10406456,,,16.39240725,,,11.48614758
1120,8.7,13.10406456,,,13.13318318,,,9.138173587
1121,8.33,13.10406456,,,13.18526196,,,9.125078196
1122,11.76,13.10406456,,,13.2738539,,,10.62510383
1123,12.41,13.10406456,,,16.48092912,,,13.26559075
1124,13.39,13.10406456,,,17.06898675,,,14.22015136
1125,10.02,13.10406456,,,16.4585015,,,9.956587006
1126,18.64,13.10406456,,,16.17170144,,,8.423910271
1127,27.95,27.59560423,,,21.73757914,,,23.82475692
1128,21.83,20.82560423,,,23.22448819,,,19.76683022
1129,18.85,18.876,,,16.23776875,,,17.57445772
1130,13.79,13.10406456,,,14.59575259,,,13.14455555
1131,14.63,13.10406456,,,16.65854442,,,14.42147427
1132,19.44,13.32769231,,,19.31179158,,,15.83878259
1133,21.3,27.59560423,,,21.49736919,,,21.67184633
1134,18.35,18.876,,,15.91599987,,,19.70406879
1135,17.19,18.876,,,22.10593953,,,29.10150969
1136,19.67,8.13375,,,15.4615339,,,21.52839508
1137,16.5,35.27542495,,,37.61557754,,,35.53574691
1138,17.1,9.73,,,14.76152334,,,16.23314408
1139,18.85,9.73,,,14.61572934,,,18.28481849
1140,23.37,13.32769231,,,16.00673457,,,20.86031667
1141,18.92,10.469,,,13.215461,,,12.5891278
1142,13.79,35.27542495,,,37.32013345,,,29.68158815
1143,15.56,8.13375,,,14.07573374,,,10.65680998
1144,18.39,14.54,,,15.25255315,,,17.0517365
1145,13.74,9.73,,,13.95333183,,,16.7612339
1146,10.69,9.73,,,13.47222735,,,8.801230111
1147,43.72922961,44.77470443,,,45.94597152,,,44.27454954
1148,17,13.155,,,23.14474761,,,18.14668066
1149,43.72922961,44.77470443,,,45.94597152,,,44.27454954
1150,10.86,9.73,,,11.91268868,,,10.79892654
1151,10.66,9.73,,,13.31201643,,,9.645802608
1152,14.11,13.155,,,15.01906039,,,13.51388402
1153,13.89,9.73,,,15.44787047,,,12.52465024
1154,8.98,9.73,,,15.13087238,,,9.349588014
1155,8.77,9.73,,,15.89910991,,,8.605409619
1156,9.75,19.65560423,,,18.13826112,,,12.74393391
1157,8.16,9.73,,,14.94193081,,,8.997385144
1158,43.72922961,44.77470443,,,45.94597152,,,44.27454954
1159,43.72922961,44.77470443,,,45.94597152,,,44.27454954
1160,43.72922961,44.77470443,,,45.94597152,,,44.27454954
1161,43.72922961,44.77470443,,,45.94597152,,,44.27454954
1162,43.72922961,44.77470443,,,45.94597152,,,44.27454954
1163,43.72922961,44.77470443,,,45.94597152,,,44.27454954
1164,43.72922961,44.77470443,,,45.94597152,,,44.27454954
1165,43.72922961,44.77470443,,,45.94597152,,,44.27454954
1166,43.72922961,44.77470443,,,45.94597152,,,44.27454954
1167,43.72922961,44.77470443,,,45.94597152,,,44.27454954
1168,43.72922961,44.77470443,,,45.94597152,,,44.27454954
1169,43.72922961,44.77470443,,,45.94597152,,,44.27454954
1170,43.72922961,44.77470443,,,45.94597152,,,44.27454954
1171,43.72922961,44.77470443,,,45.94597152,,,44.27454954
1172,43.72922961,44.77470443,,,45.94597152,,,44.27454954
1173,43.72922961,44.77470443,,,45.94597152,,,44.27454954
1174,7.94,9.73,,,10.71076955,,,8.388898869
1175,7.22,9.73,,,9.758315075,,,9.167896319
1176,7.16,9.73,,,9.757896526,,,6.725455938
1177,8.94,9.73,,,11.68292685,,,10.34095925
1178,8.33,9.73,,,10.72562661,,,7.192642228
1179,8.27,9.73,,,11.53265946,,,7.491120407
1180,8.57,9.73,,,10.25625916,,,8.64436857
1181,8.17,9.73,,,15.76516907,,,11.71048366
1182,11.91,14.54,,,16.18914871,,,11.62436894
1183,16.08,14.54,,,22.08321311,,,18.26654438
1184,13.58,14.54,,,17.41505632,,,12.44424786
1185,14.42,9.73,,,12.32505349,,,9.700643394
1186,18.79,14.54,,,22.8860675,,,20.40896251
1187,21.19,21.70433333,,,20.85376379,,,20.05772784
1188,22.05,19.65560423,,,16.88027956,,,12.44730224
1189,28.73,21.70433333,,,20.74601693,,,16.98981671
1190,23.42,19.65560423,,,15.86574692,,,16.86214505
1191,16.56,16.33526609,,,15.3940754,,,15.10095425
1192,10.31,13.10406456,,,15.64105632,,,11.19277852
1193,10.87,9.73,,,14.89040739,,,10.16323859
1194,14.78,16.33526609,,,15.71878694,,,13.57031988
1195,17.9,16.33526609,,,16.19582334,,,8.227924808
1196,21.27,16.33526609,,,16.04584027,,,17.18733924
1197,14.09,13.155,,,15.30886856,,,11.24500323
1198,19.37,16.33526609,,,17.38827787,,,19.94088123
1199,7.57,11.35142857,,,14.32649343,,,9.399035348
1200,7.42,7.222222222,,,12.37538848,,,5.835176206
1201,6.25,7.222222222,,,11.59000591,,,7.947534584
1202,7.96,7.222222222,,,10.43270458,,,8.204577508
1203,6.63,7.222222222,,,13.50671542,,,6.673558847
1204,6.28,7.222222222,,,10.41226194,,,5.693029075
1205,7.8,11.35142857,,,15.57758297,,,14.402827
1206,14.69,13.155,,,16.40947278,,,16.51082755
1207,17.34,13.155,,,16.25983359,,,17.1785824
1208,14.83,13.155,,,16.40949848,,,15.81579618
1209,22,13.10406456,,,19.92903996,,,24.82506651
1210,17.76,19.65560423,,,16.4503862,,,17.23771356
1211,10.48,11.35142857,,,15.24786123,,,10.7096257
1212,8.8,11.35142857,,,14.08180847,,,9.550072297
1213,9.28,13.155,,,15.21302493,,,11.0990414
1214,12.23,13.155,,,17.47823347,,,12.31524888
1215,26.57,29.02273206,,,26.86278163,,,29.31136752
1216,21.68,18.876,,,21.01262897,,,17.42484029
1217,23.36,18.876,,,20.96514681,,,18.43917614
1218,20.94,18.876,,,23.70821545,,,23.47022715
1219,7.05,19.00809524,,,18.96097471,,,9.219663311
1220,13.09,19.00809524,,,22.18240001,,,11.59215981
1221,20.07,18.876,,,21.49852669,,,17.92843797
1222,18.4,13.10406456,,,18.96884966,,,17.13704641
1223,12.05,13.10406456,,,18.66859387,,,10.4076532
1224,17.75,13.10406456,,,15.94400378,,,15.24184167
1225,10,7.222222222,,,14.42727722,,,10.81805997
1226,9.54,7.222222222,,,12.69888752,,,8.487564755
1227,21.53,13.10406456,,,18.92690246,,,21.27363025
1228,19.03,18.876,,,19.61560528,,,21.97117825
1229,30.37,45.1775,,,24.60580691,,,28.90901799
1230,37.02,48.04206472,,,34.05028664,,,37.85735397
1231,33.38,37.06625,,,26.10981091,,,30.38433397
1232,32.3,48.04206472,,,35.87077957,,,32.80943945
1233,39.85,48.04206472,,,42.62929805,,,38.09312683
1234,37.99,48.04206472,,,38.56292043,,,35.40138767
1235,19.93,25.286875,,,23.23975678,,,18.53743951
1236,21.25,18.876,,,22.68570231,,,19.18116504
1237,27.02,18.876,,,22.90817588,,,19.29700497
1238,40.7,48.04206472,,,36.32953124,,,32.87917001
1239,39.3,48.04206472,,,41.82472085,,,42.045136
1240,56.04,54.62125,,,57.14975231,,,56.70601739
1241,86.91,85.385,,,76.77237277,,,85.56681367
1242,115,85.385,,,72.58873554,,,88.21135752
1243,83.47,85.385,,,75.40714836,,,81.71192467
1244,87.88,85.385,,,75.78590177,,,87.15085012
1245,61.82,54.62125,,,64.41713814,,,62.87518105
1246,55.8,54.62125,,,60.45499521,,,56.91120617
1247,45.62,54.62125,,,60.09712215,,,54.53567156
1248,58.81,53.00473684,,,65.34973513,,,61.49794026
1249,69.31,56.72,,,66.02989381,,,67.47414344
1250,68.42,48.04206472,,,45.87252618,,,66.0835684
1251,62.59,48.04206472,,,45.8149197,,,59.45717869
1252,59.6,48.04206472,,,45.39929279,,,59.96858787
1253,57.08,53.00473684,,,59.35767461,,,58.05086899
1254,65.93,79.95,,,71.26252198,,,67.94641878
1255,64.7,66.73285714,,,68.95625908,,,63.10197535
1256,74.14,79.95,,,70.71354896,,,75.0060573
1257,77.16,79.95,,,71.69282996,,,73.73106803
1258,72.33,69.42181818,,,71.60438949,,,72.27844072
1259,60.48,66.73285714,,,64.7098676,,,59.94005957
1260,57.33,53.00473684,,,62.73094685,,,56.58065748
1261,60.53,56.72,,,62.08595611,,,60.04781643
1262,74.66,85.385,,,74.0011808,,,75.63323991
1263,90.4,85.385,,,70.1060582,,,86.52026948
1264,71.43,79.95,,,59.29629206,,,68.14704026
1265,59.51,56.72,,,53.44996596,,,59.1364407
1266,37.54,33.61285714,,,42.64888734,,,39.24826863
1267,46.15,66.46997973,,,56.34218585,,,57.76703545
1268,48.73,66.46997973,,,56.30698495,,,62.81060964
1269,47.37,44.32571429,,,54.68412446,,,47.7790369
1270,61.59,56.72,,,64.60899944,,,66.58548896
1271,69.35,69.42181818,,,70.16205379,,,71.23170405
1272,72.8,79.95,,,73.83432414,,,72.0481656
1273,84.94,79.95,,,76.81285477,,,86.68496916
1274,88.88,79.95,,,73.44196156,,,89.24378621
1275,85.49,84.592,,,78.50153142,,,110.0642086
1276,61.72,56.72,,,65.67181627,,,65.08663967
1277,52.95,44.32571429,,,58.97449277,,,55.51734031
1278,78.1,85.385,,,74.27211437,,,88.81391986
1279,74.68,84.592,,,72.26376183,,,72.66789952
1280,78.07,84.592,,,69.15630702,,,90.27827734
1281,77.52,44.77470443,,,48.89369825,,,62.92582659
1282,87.3,44.77470443,,,55.59513353,,,75.83082878
1283,86.71,84.592,,,78.10219476,,,93.4418328
1284,95,84.592,,,78.77116194,,,99.36121122
1285,95.18,85.385,,,77.38358332,,,93.61458382
1286,81.86,84.592,,,76.25389408,,,90.39703832
1287,46.22,53.00473684,,,54.09243041,,,45.31029623
1288,53.75,84.592,,,66.83458819,,,62.83311736
1289,60.44,84.592,,,69.88313826,,,79.35389451
1290,50.97,56.72,,,58.34000368,,,53.29571118
1291,41.56,53.00473684,,,56.01745763,,,46.37804366
1292,34.89,44.77470443,,,41.69858651,,,35.56317981
1293,39.34,44.77470443,,,51.16331714,,,42.20597233
1294,51.37,53.00473684,,,56.28967164,,,50.31969875
1295,48.83,53.00473684,,,57.44726322,,,51.25097741
1296,43.72922961,44.77470443,,,45.94597152,,,44.27454954
1297,68.68,54.62125,,,52.93673969,,,68.14401403
1298,71.17,53.00473684,,,62.79073087,,,67.40746529
1299,79.35,85.385,,,73.09032206,,,80.18450067
1300,74.62,69.42181818,,,69.36077974,,,71.74668337
1301,59.2,56.72,,,64.32102734,,,59.12694033
1302,46.15,53.00473684,,,57.07089655,,,47.52410393
1303,53.16,56.72,,,64.99240099,,,56.63047074
1304,62.23,84.592,,,69.25505914,,,77.37531771
1305,68.03,84.592,,,67.8309264,,,77.35150291
1306,67.85,69.42181818,,,71.02935368,,,70.1533583
1307,74.86,69.42181818,,,81.13650577,,,80.39635379
1308,70.79,69.42181818,,,71.61385637,,,68.76812712
1309,52.43,54.62125,,,54.61090776,,,50.48049933
1310,42.71,54.62125,,,55.92247644,,,43.83074024
1311,53.02,54.62125,,,59.08286096,,,49.63592395
1312,61.68,69.42181818,,,67.23330714,,,62.47966913
1313,55.9,69.42181818,,,70.43760986,,,65.69327762
1314,69.42,79.95,,,73.68049945,,,81.95489974
1315,65.25,69.42181818,,,71.92479217,,,66.51618939
1316,66.91,69.42181818,,,70.2063397,,,66.99032092
1317,59.41,69.42181818,,,70.19418976,,,76.62427109
1318,34.63,35.27542495,,,43.31272196,,,37.03130638
1319,50.29,54.62125,,,64.51851105,,,56.76286646
1320,61.03,69.42181818,,,70.23800209,,,71.80193647
1321,46.47,54.62125,,,59.30614846,,,45.88274661
1322,60.21,84.592,,,72.92926852,,,62.36127238
1323,59.63,84.592,,,70.43372028,,,62.08585296
1324,53.59,85.385,,,68.66840326,,,57.45390233
1325,63.79,85.385,,,73.6430787,,,78.14087294
1326,66.45,66.73285714,,,67.53691757,,,60.91241759
1327,97.63,100.106,,,88.3949033,,,94.05919689
1328,67.97,66.73285714,,,69.98272485,,,68.09296757
1329,50.67,35.27542495,,,45.46933701,,,50.39885227
1330,38.14,37.06625,,,37.85346615,,,36.92196223
1331,32.89,25.286875,,,32.67189459,,,30.07900613
1332,40.09,37.06625,,,44.80420393,,,40.42831084
1333,42.72,50.221,,,52.28652291,,,41.17984251
1334,47.49,50.221,,,56.39810317,,,47.55018325
1335,54.48,65.32285714,,,70.32870001,,,58.698697
1336,62.45,53.00473684,,,72.26214019,,,63.00921254
1337,50.26,53.00473684,,,63.70056653,,,51.09059328
1338,39.64,48.04206472,,,35.58787685,,,40.17987913
1339,38.96,48.04206472,,,34.57910202,,,36.37786828
1340,78.44,65.32285714,,,67.80324815,,,67.1362044
1341,83.4,71.77625,,,73.09485972,,,77.89270696
1342,69.44,50.221,,,55.21464815,,,62.23294117
1343,70.52,64.67857143,,,66.53060883,,,71.13087747
1344,82.13,71.77625,,,70.14426611,,,77.55846917
1345,103.67,81.93857143,,,85.02416715,,,101.3962136
1346,77.1,71.77625,,,75.4078302,,,77.20939843
1347,49.72,18.876,,,49.88948342,,,47.92442399
1348,97.38,86.30375,,,83.13974578,,,80.93886402
1349,88.98,86.30375,,,76.73343504,,,84.65278908
1350,63.51,64.67857143,,,60.30787947,,,63.45973408
1351,39.78,37.06625,,,46.62502785,,,34.00955337
1352,57.16,64.67857143,,,60.3177778,,,56.9888498
1353,45.08,50.221,,,52.22625544,,,45.19222508
1354,67.68,65.32285714,,,71.19102174,,,67.98662085
1355,89.36,86.30375,,,81.43672353,,,85.41075237
1356,85.57,74.4125,,,82.43937351,,,87.7610962
1357,93.27,93.87333333,,,82.79803812,,,93.39789644
1358,91.12,88.29363636,,,73.37050608,,,89.6790903
1359,84.15,56.72,,,68.88673172,,,85.99983619
1360,74.08,66.46997973,,,67.62611252,,,74.30198079
1361,80.74,65.32285714,,,76.20633309,,,83.34740888
1362,39.9,18.876,,,47.12447501,,,40.6051482
1363,66.16,71.77625,,,74.38609785,,,75.75103015
1364,78.58,60.79818182,,,69.95926497,,,76.16382508
1365,67.48,66.46997973,,,72.32582415,,,62.07442776
1366,86.26,86.30375,,,79.96404348,,,85.38068326
1367,68.82,71.77625,,,72.14972577,,,67.33768121
1368,56.8,64.67857143,,,62.73766901,,,58.58824131
1369,64.06,71.77625,,,73.56761592,,,72.97582967
1370,102.81,100.106,,,93.80139655,,,104.4712403
1371,119.25,113.68,,,97.84793585,,,117.2046543
1372,120.65,113.68,,,102.3732291,,,120.7185963
1373,118.68,121.7681818,,,103.4937073,,,118.1547362
1374,91.49,108.5542857,,,81.41367044,,,96.74316241
1375,41.82,37.06625,,,45.3217395,,,43.00595715
1376,52.6,44.77470443,,,53.81056009,,,46.64382102
1377,56.69,64.67857143,,,54.92183895,,,54.33842739
1378,39.09,37.06625,,,46.28315399,,,41.70879999
1379,63.75,64.67857143,,,61.45794349,,,60.99645995
1380,78.79,71.24857143,,,75.52823917,,,78.03599664
1381,91.99,74.4125,,,78.95903388,,,84.53663095
1382,76.71,71.77625,,,74.81538304,,,77.03232989
1383,50.8,44.77470443,,,55.07381315,,,49.74334596
1384,42.49,44.77470443,,,43.32659575,,,35.03860047
1385,39.77,37.06625,,,40.56161297,,,40.90360433
1386,36.53,18.876,,,28.90039003,,,28.32522176
1387,25.46,19.00809524,,,28.42090364,,,22.74008464
1388,19.23,19.00809524,,,30.21711833,,,20.0080359
1389,19.16,19.65560423,,,26.09197929,,,19.79925682
1390,18.51,19.00809524,,,29.0310716,,,23.51370041
1391,16.38,19.00809524,,,27.72028937,,,19.15216118
1392,18.49,19.00809524,,,27.8356206,,,18.58129109
1393,22.86,19.00809524,,,41.21324953,,,28.44291024
1394,23.95,19.00809524,,,34.18617041,,,22.4523974
1395,33.69,25.286875,,,41.40344387,,,37.16497892
1396,39.56,44.77470443,,,38.46116609,,,37.79699588
1397,36.16,29.02273206,,,36.23603517,,,35.12482215
1398,23.63,19.00809524,,,31.3452517,,,23.12794881
1399,17.53,19.00809524,,,31.13354554,,,20.80126994
